"Genotype","P1","P2","Env","Rep","GY","Fe"
"P1","P1","P1","E1",1,19.89,45.58
"P2","P2","P2","E1",1,21.51,47.99
"P3","P3","P3","E1",1,9.2,57.89
"P4","P4","P4","E1",1,16.74,44.79
"P1 x P2","P1","P2","E1",1,14.87,51.86
"P1 x P3","P1","P3","E1",1,14.6,57.3
"P1 x P4","P1","P4","E1",1,15.7,58.74
"P2 x P3","P2","P3","E1",1,5.76,33
"P2 x P4","P2","P4","E1",1,11.81,48.16
"P3 x P4","P3","P4","E1",1,17.6,47.22
"P1","P1","P1","E1",2,18.7,47.02
"P2","P2","P2","E1",2,19.29,51.97
"P3","P3","P3","E1",2,12.6,60.49
"P4","P4","P4","E1",2,16.28,39.35
"P1 x P2","P1","P2","E1",2,15.77,42.73
"P1 x P3","P1","P3","E1",2,11.31,59.71
"P1 x P4","P1","P4","E1",2,15,57.18
"P2 x P3","P2","P3","E1",2,8.29,41.98
"P2 x P4","P2","P4","E1",2,11.85,45.67
"P3 x P4","P3","P4","E1",2,15.81,50.84
"P1","P1","P1","E1",3,18.51,45.42
"P2","P2","P2","E1",3,17.21,53.5
"P3","P3","P3","E1",3,13.35,60
"P4","P4","P4","E1",3,18.03,45.3
"P1 x P2","P1","P2","E1",3,15.18,44.52
"P1 x P3","P1","P3","E1",3,14.1,62.15
"P1 x P4","P1","P4","E1",3,17.05,60.4
"P2 x P3","P2","P3","E1",3,9.61,40.85
"P2 x P4","P2","P4","E1",3,11.04,49.45
"P3 x P4","P3","P4","E1",3,16.15,51.03
"P1","P1","P1","E2",1,15.4,52.68
"P2","P2","P2","E2",1,16.98,55.7
"P3","P3","P3","E2",1,10.82,60.61
"P4","P4","P4","E2",1,14.6,43.05
"P1 x P2","P1","P2","E2",1,13.1,45.21
"P1 x P3","P1","P3","E2",1,13.32,62.21
"P1 x P4","P1","P4","E2",1,15.98,60.85
"P2 x P3","P2","P3","E2",1,8.93,39.43
"P2 x P4","P2","P4","E2",1,12.79,51.49
"P3 x P4","P3","P4","E2",1,13.02,53.31
"P1","P1","P1","E2",2,18.81,51.81
"P2","P2","P2","E2",2,16.44,57.9
"P3","P3","P3","E2",2,10.86,57.56
"P4","P4","P4","E2",2,17.88,48.56
"P1 x P2","P1","P2","E2",2,12.3,46.69
"P1 x P3","P1","P3","E2",2,11.3,60.8
"P1 x P4","P1","P4","E2",2,13.32,60.27
"P2 x P3","P2","P3","E2",2,6.24,39.59
"P2 x P4","P2","P4","E2",2,14.14,49.4
"P3 x P4","P3","P4","E2",2,15.47,51.34
"P1","P1","P1","E2",3,16.83,44.26
"P2","P2","P2","E2",3,17.26,50.86
"P3","P3","P3","E2",3,9.27,60.72
"P4","P4","P4","E2",3,15.23,40.6
"P1 x P2","P1","P2","E2",3,11.53,48.55
"P1 x P3","P1","P3","E2",3,11.97,59.3
"P1 x P4","P1","P4","E2",3,14.18,59.74
"P2 x P3","P2","P3","E2",3,12.06,34.27
"P2 x P4","P2","P4","E2",3,12.12,45.45
"P3 x P4","P3","P4","E2",3,14.75,51.51
